[
  {
    "title_": "",
    "link": "https://economictimes.indiatimes.com/news/economy/agriculture/surplus-govt-land-identified-for-building-wheat-silos-on-ppp-model-at-33-locations-in-4-states-food-min/articleshow/93191870.cms",
    "content": "The Food Ministry on Thursday said surplus government land has been identified for building wheat silos in public-private partnership mode at 33 locations in Punjab, Madhya Pradesh, Uttar Pradesh and Gujarat. In the first phase, tenders were issued during April-June this year for the construction of silos of 10.12 lakh tonne capacity at 11 locations on DBFOT mode, and also for 66 locations with a capacity of 24.75 lakh tonne on DBFOO mode.",
    "image": "https://img.etimg.com/thumb/msid-93191870,width-160,height-120,imgsize-53888/surplus-govt-land-identified-for-building-wheat-silos-on-ppp-model-at-33-locations-in-4-states-food-min.jpg",
    "postedAt": "Jul 28, 2022, 07:30 PM IST",
    "title": "Surplus govt land identified for building wheat silos on PPP model at 33 locations in 4 states: Food Min"
  },
  {
    "title_": "",
    "link": "https://economictimes.indiatimes.com/news/economy/agriculture/govt-launches-11th-agricultural-census-2021-22-to-use-smartphones-tablets-for-data-collection/articleshow/93191522.cms",
    "content": "The fieldwork of the Eleventh Agricultural Census (2021-22) will start in August 2022, the agriculture ministry said in a statement.",
    "image": "https://img.etimg.com/thumb/msid-93191522,width-160,height-120,imgsize-99658/govt-launches-11th-agricultural-census-2021-22-to-use-smartphones-tablets-for-data-collection.jpg",
    "postedAt": "Jul 28, 2022, 07:10 PM IST",
    "title": "Govt launches 11th agricultural census 2021-22; to use smartphones, tablets for data collection"
  },
  {
    "title_": "",
    "link": "https://economictimes.indiatimes.com/news/economy/agriculture/india-wheat-prices-jump-to-record-high-limit-scope-for-govt-to-govt-deals/articleshow/93159108.cms",
    "content": "\"Most of the farmers have sold their crop. Negligible supplies are coming up for sale even though demand is robust,\" said Gopaldas Agarwal, a trader based at Indore in central India. Local wheat prices jumped to a record 23,547 rupees per tonne on Wednesday. That was up nearly 12% from recent lows that followed the government's surprise ban on exports on May 14.",
    "image": "https://img.etimg.com/thumb/msid-93159108,width-160,height-120,imgsize-93926/india-wheat-prices-jump-to-record-high-limit-scope-for-govt-to-govt-deals.jpg",
    "postedAt": "Jul 27, 2022, 02:47 PM IST",
    "title": "India wheat prices jump to record high, limit scope for govt-to-govt deals"
  },
  {
    "title_": "",
    "link": "https://economictimes.indiatimes.com/news/economy/agriculture/zero-procurement-of-rabi-crops-in-delhi-since-2016-17-by-fci-at-msp-study/articleshow/93144787.cms",
    "content": "Procurement has been \"abysmally low\" in general and gone down to nil since 2016-17, said the study, recently released in the public domain.",
    "image": "https://img.etimg.com/thumb/msid-93144787,width-160,height-120,imgsize-423016/zero-procurement-of-rabi-crops-in-delhi-since-2016-17-by-fci-at-msp-study.jpg",
    "postedAt": "Jul 26, 2022, 10:32 PM IST",
    "title": "Zero procurement of Rabi crops in Delhi since 2016-17 by FCI at MSP: Study"
  },
  {
    "title_": "",
    "link": "https://economictimes.indiatimes.com/news/economy/agriculture/india-sees-uneven-distribution-of-rainfall-may-affect-foodgrain-production/articleshow/93126250.cms",
    "content": "While the monsoon in India is tracking at 11% above normal, the distribution is uneven across the country and could pose a threat to this year's foodgrain production and may worsen the inflation outlook, analysts said on Tuesday.",
    "image": "https://img.etimg.com/thumb/msid-93126250,width-160,height-120,imgsize-164698/india-sees-uneven-distribution-of-rainfall-may-affect-foodgrain-production.jpg",
    "postedAt": "Jul 26, 2022, 10:38 AM IST",
    "title": "India sees uneven distribution of rainfall, may affect foodgrain production"
  },
  {
    "title_": "",
    "link": "https://economictimes.indiatimes.com/news/economy/agriculture/farmers-worry-as-rainfall-deficit-hits-49-in-jharkhand/articleshow/93112595.cms",
    "content": "Jharkhand has received well-distributed rainfall over the past couple of days, which helped in bringing down the deficit by 2 per cent since July 22, but is not enough for paddy sowing, as per farmers.",
    "image": "https://img.etimg.com/thumb/msid-93112595,width-160,height-120,imgsize-43626/farmers-worry-as-rainfall-deficit-hits-49-in-jharkhand.jpg",
    "postedAt": "Jul 25, 2022, 05:15 PM IST",
    "title": "Farmers worry as rainfall deficit hits 49% in Jharkhand"
  },
  {
    "title_": "",
    "link": "https://economictimes.indiatimes.com/news/economy/agriculture/no-adverse-impact-of-wheat-export-ban-on-farmers-income-domestic-prices-above-msp-narendra-singh-tomar/articleshow/93057036.cms",
    "content": "The government's third wheat estimate is slightly lower than previous year, but the minister said it is above the average annual wheat production of 103.89 million tonnes achieved during the last five years since 2016-17. In 2020-21, the country's wheat production stood at 109.59 million tonnes. According to the minister, \"There is no wheat crisis in the country, as India produces wheat more than its domestic requirement.\"",
    "image": "https://img.etimg.com/thumb/msid-93057036,width-160,height-120,imgsize-6776/no-adverse-impact-of-wheat-export-ban-on-farmers-income-domestic-prices-above-msp-narendra-singh-tomar.jpg",
    "postedAt": "Jul 22, 2022, 06:47 PM IST",
    "title": "No adverse impact of wheat export ban on farmers' income; domestic prices above MSP: Narendra Singh Tomar"
  },
  {
    "title_": "",
    "link": "https://economictimes.indiatimes.com/news/economy/agriculture/wheat-stocks-likely-to-be-80-higher-than-buffer-requirement-by-april-1-next-year-govt/articleshow/93054908.cms",
    "content": "\"As on July 1, 2022, Food Corporation of India (FCI) and state government agencies have 285.10 lakh tonnes of wheat stock under central pool against the stocking norm of 275.80 lakh tonnes,\" Piyush Goyal said. In the current 2022-23 marketing year, Goyal said the procurement of wheat has been about 188 lakh tonnes.",
    "image": "https://img.etimg.com/thumb/msid-93054908,width-160,height-120,imgsize-93418/wheat-stocks-likely-to-be-80-higher-than-buffer-requirement-by-april-1-next-year-govt.jpg",
    "postedAt": "Jul 22, 2022, 05:20 PM IST",
    "title": "Wheat stocks likely to be 80% higher than buffer requirement by April 1 next year: Govt"
  },
  {
    "title_": "",
    "link": "https://economictimes.indiatimes.com/news/economy/agriculture/itc-to-spearhead-maars-super-app-to-boost-agriculture-business/articleshow/93028152.cms",
    "content": "ITC CMD Sanjiv Puri told a virtual news conference that the super app will empower farmers by providing them with access to modern tools, right quality of inputs at right prices, besides market and financial linkages. He said with farmers having fragmented holdings of land, the app will aggregate them, adding that presently the company has started with 200 farmers producer organisations (FPOs) involving 40,000 farmers.",
    "image": "https://img.etimg.com/thumb/msid-93028152,width-160,height-120,imgsize-23870/itc-to-spearhead-maars-super-app-to-boost-agriculture-business.jpg",
    "postedAt": "Jul 22, 2022, 01:53 PM IST",
    "title": "ITC to spearhead MAARS super app to boost agriculture business"
  },
  {
    "title_": "",
    "link": "https://economictimes.indiatimes.com/news/economy/agriculture/chhattisgarh-govt-to-procure-pulses-in-msp-from-october-to-march-2023/videoshow/93026672.cms",
    "content": "Chhattisgarh government takes giant step in the direction of ensuring crop security to farmers. State government to procure pulses from farmers in MSP from October to March 2023. ",
    "image": "https://img.etimg.com/thumb/msid-93026672,width-160,height-120,imgsize-39048/chhattisgarh-govt-to-procure-pulses-in-msp-from-october-to-march-2023.jpg",
    "postedAt": "Jul 21, 2022, 03:01 PM IST",
    "title": "Chhattisgarh govt to procure pulses in MSP from October to March 2023"
  },
  {
    "title_": "",
    "link": "https://economictimes.indiatimes.com/news/economy/agriculture/wheat-prices-up-14-in-6-weeks-on-low-supply/articleshow/93013365.cms",
    "content": "Small traders and farmers have sold off their wheat stocks, while multinationals and big traders are holding the stocks anticipating the prices to rise further, traders said. For the first time this year, wheat from government agency Food Corporation of India (FCI) is not available for the millers.",
    "image": "https://img.etimg.com/thumb/msid-93013365,width-160,height-120,imgsize-153882/wheat-prices-up-14-in-6-weeks-on-low-supply.jpg",
    "postedAt": "Jul 21, 2022, 12:07 AM IST",
    "title": "Wheat prices up 14% in 6 weeks on low supply"
  },
  {
    "title_": "",
    "link": "https://economictimes.indiatimes.com/news/economy/agriculture/farmers-income-doubled-for-certain-crops-shows-sbi-study/articleshow/92975815.cms",
    "content": "The study was based on primary data of SBI's agri portfolio across states containing granular data of various crops from agri-intensive branches and analyzed the change in income of farmers over the past five years.",
    "image": "https://img.etimg.com/thumb/msid-92975815,width-160,height-120,imgsize-708860/farmers-income-doubled-for-certain-crops-shows-sbi-study.jpg",
    "postedAt": "Jul 19, 2022, 01:46 PM IST",
    "title": "Farmers' income doubled for certain crops, shows SBI study"
  },
  {
    "title_": "",
    "link": "https://economictimes.indiatimes.com/news/economy/agriculture/panel-set-up-to-make-msp-system-more-effective-transparent/articleshow/92964557.cms",
    "content": "The panel will be headed by former agriculture secretary Sanjay Agarwal and has representations from Niti Aayog, agricultural economists, other farmer organisations, agricultural scientists, representatives of central and state governments, cooperatives, members of agriculture varsities, and award-winning farmers.",
    "image": "https://img.etimg.com/thumb/msid-92964557,width-160,height-120,imgsize-287596/panel-set-up-to-make-msp-system-more-effective-transparent.jpg",
    "postedAt": "Jul 18, 2022, 11:59 PM IST",
    "title": "Panel set up to make MSP system more effective, transparent"
  },
  {
    "title_": "",
    "link": "https://economictimes.indiatimes.com/news/economy/agriculture/kharif-sowing-of-tomato-onion-potato-at-comfortable-levels/articleshow/92964444.cms",
    "content": "The total area sown with onion in five major producer states of Karnataka, Andhra Pradesh, Tamil Nadu, Telangana and Madhya Pradesh was at 26,840 hectares as on July 5, against 26,670 hectares in the corresponding period in 2021, data from the ministry shows.",
    "image": "https://img.etimg.com/thumb/msid-92964444,width-160,height-120,imgsize-30080/kharif-sowing-of-tomato-onion-potato-at-comfortable-levels.jpg",
    "postedAt": "Jul 19, 2022, 11:53 AM IST",
    "title": "Kharif sowing of tomato, onion, potato at comfortable levels"
  },
  {
    "title_": "",
    "link": "https://economictimes.indiatimes.com/news/economy/agriculture/centre-sets-up-committee-to-strengthen-msp-system/articleshow/92963234.cms",
    "content": "The government has made a provision to include three members from Sanyukta Kisan Morcha (SKM) as part of the committee but the farm organisation has so far not given any names to be part of the panel. Under the umbrella of SKM, thousands of farmers had held around one year-long agitation at Delhi borders and forced the government to withdraw the farm laws.",
    "image": "https://img.etimg.com/thumb/msid-92963234,width-160,height-120,imgsize-36492/centre-sets-up-committee-to-strengthen-msp-system.jpg",
    "postedAt": "Jul 18, 2022, 09:53 PM IST",
    "title": "Centre sets up committee to strengthen MSP system"
  },
  {
    "title_": "",
    "link": "https://economictimes.indiatimes.com/news/economy/agriculture/average-farm-income-soars-1-3-1-7-times-in-fy22-from-fy18-sbi-research/articleshow/92938121.cms",
    "content": "The income of farmers has grown in the range of 1.3-1.7 times in FY22 from the FY18 levels on average while grain exports soared to over USD 50 billion, says an SBI Research report.",
    "image": "https://img.etimg.com/thumb/msid-92938121,width-160,height-120,imgsize-159244/average-farm-income-soars-1-3-1-7-times-in-fy22-from-fy18-sbi-research.jpg",
    "postedAt": "Jul 17, 2022, 06:37 PM IST",
    "title": "Average farm income soars 1.3-1.7 times in FY22 from FY18: SBI Research"
  }
]